waiting_time,system_time,service_time
0.0,0.22583248473358597,0.22583248473358586
0.0,4.146541894806611,4.146541894806611
0.0,2.1969817885616525,2.1969817885616525
1.264665182801803,1.462843036420872,0.19817785361906878
0.0,1.6670607589340296,1.66706075893403
0.4483124636491782,0.9354949141556617,0.4871824505064839
0.0,0.6173945427588574,0.6173945427588569
0.0,0.6874638399134341,0.6874638399134337
0.0,0.6402566165583412,0.6402566165583419
0.0,2.434496036612199,2.4344960366121984
0.0,0.578052140289536,0.5780521402895344
0.0,0.39737840380561096,0.39737840380561074
0.36871078838219873,0.6478723199697605,0.2791615315875602
0.0,0.5665351652472168,0.5665351652472178
0.0,1.7309553924987284,1.7309553924987289
0.9366079341214828,1.1598959988419821,0.2232880647204999
0.14518617108533505,0.6298729442364106,0.4846867731510756
0.0,7.357989321414722,7.357989321414723
0.0,1.6814929309801876,1.6814929309801885
0.0,1.9630510504354994,1.9630510504354979
0.0,3.0514073447993937,3.0514073447993924
0.506200394097089,3.0986776308107515,2.5924772367136626
0.0,4.958870431841213,4.958870431841212
3.060111921321038,3.1568946722819007,0.09678275096085927
2.1800121157288466,6.883344597915656,4.703332482186806
0.09152679462706459,3.816939284594092,3.725412489967024
2.2710294397684123,4.15724528202302,1.8862158422546074
1.006722770024055,2.414243877199752,1.4075211071756961
0.4776508843093836,0.6818790501935936,0.20422816588420759
0.0,0.09550735611252037,0.09550735611252247
0.15656182996156787,1.3891197505494333,1.2325579205878632
0.0,3.5200997703589465,3.5200997703589465
3.4787362134018878,3.8221038707559316,0.34336765735404395
3.3046164692184448,3.9445977596040436,0.6399812903856014
0.0,5.2385327653572205,5.238532765357217
2.998570670820655,4.1806719034078625,1.1821012325872085
1.7740250564806601,2.1345171967165726,0.3604921402359123
2.029253230596588,2.3911009566866355,0.361847726090047
0.0,0.591189657819001,0.5911896578189989
0.9094424462331574,4.982032878151685,4.072590431918525
0.0,1.663593288528439,1.6635932885284406
0.34576367644882566,1.8515907181546964,1.5058270417058695
0.9216482462521611,1.2709713553478466,0.34932310909568515
0.0,2.1464749127945453,2.146474912794547
0.0,0.47273104113132547,0.4727310411313237
0.0,1.9440324298728342,1.9440324298728338
0.0,5.2274876524855145,5.227487652485512
2.466476407119451,3.029909403977342,0.5634329968578898
2.347684410018907,2.7542398885076196,0.4065554784887137
1.8927533666256195,2.766975515794961,0.8742221491693396
2.373810569295429,3.9623467746803414,1.5885362053849057
3.7068166157083624,4.481689645619284,0.77487302991092
2.3573714923788174,4.076618993250037,1.7192475008712218
3.9388693618486386,4.279583075051114,0.3407137132024809
3.515990228125304,5.164068033329585,1.6480778052042793
0.0,10.701841050925722,10.701841050925717
3.8518731168647804,4.500389960577621,0.6485168437128469
4.395643164055613,4.744800204783388,0.3491570407277803
4.560960455303004,8.439787568197701,3.878827112894693
6.673664820542129,7.127441992754214,0.4537771722120795
5.239477141700647,5.3035249786250205,0.06404783692437513
3.1465527795460844,5.560672377477758,2.4141195979316694
4.789658786962349,5.94602307347418,1.156364286511835
4.728469512633723,5.563832737971765,0.8353632253380487
4.544009457110462,4.590652350193153,0.04664289308269161
3.789081197954772,3.8586010468463883,0.06951984889161353
3.2875504661751336,3.5342707487355796,0.24672028256044615
3.370385831561862,5.159163697829584,1.7887778662677287
2.6049428823091887,4.146583805764877,1.541640923455682
4.086158184682773,4.235939073837017,0.14978088915423904
4.2291547479963185,4.959747343074639,0.7305925950783135
4.653287365603262,5.931391969464627,1.2781046038613693
4.479368377935998,6.347020815296972,1.8676524373609749
4.738148637376582,20.408549553702514,15.670400916325937
3.2970262933941683,3.4108760812061547,0.11384978781198005
6.172832907925866,7.346989101201501,1.1741561932756421
1.8607913814429509,2.914543258328848,1.0537518768858933
0.20541524870448313,1.291779332506124,1.0863640838016375
0.0,1.6592483641644264,1.6592483641644293
0.0,1.44547946242443,1.4454794624244351
0.0,2.6744314456948786,2.6744314456948812
0.0,3.0769423699559866,3.0769423699559826
1.9036746992426856,2.458085482701975,0.5544107834592898
1.5224201743345134,2.0615953796956887,0.5391752053611796
0.04717391201796772,8.463999066061689,8.416825154043725
0.0,0.8099284189884628,0.8099284189884652
0.0,1.005640529710064,1.0056405297100592
0.0,1.6647429186492104,1.6647429186492073
0.0,3.075398554738129,3.075398554738132
1.412466948098583,4.651244957327933,3.2387780092293452
0.10299796918731374,1.969580246795175,1.866582277607864
0.9052620517890517,2.411312243220479,1.5060501914314306
2.0255126405678965,2.1266873439294613,0.10117470336157046
0.6633191063125707,0.9151465186988617,0.25182741238629597
0.5711707916357796,0.9833998439565619,0.41222905232078516
2.1851635873261728,8.595925444422917,6.410761857096749
1.2870939293612196,1.88001414169959,0.5929202123383676
0.7789003502013543,2.134378245205653,1.3554778950043032
0.0,2.3448429960757977,2.3448429960757964
0.0,8.199595151008879,8.199595151008879
4.403013490976406,4.424761780750316,0.021748289773911782
1.6856115691839904,4.575275624913999,2.889664055730003
4.087945297560523,6.905575337346846,2.817630039786319
3.2358753746571836,6.417203936740762,3.1813285620835763
3.215266907035385,3.437707340411265,0.22244043337588576
5.536428213542678,6.780272775708269,1.2438445621655905
2.2313693938062187,2.4529635858268506,0.2215941920206337
1.8173673164860418,1.9236458817263724,0.10627856524032726
2.420746209402921,3.5855343682349172,1.1647881588319928
0.0,0.40690595322055856,0.4069059532205501
0.0,1.0927180498556766,1.0927180498556883
0.0,1.0273257131380547,1.0273257131380462
0.0,4.430845968086828,4.43084596808682
1.8916801899384268,2.386615900376711,0.4949357104382796
0.0,4.087542094741963,4.087542094741963
0.0,0.15765602306993287,0.15765602306994117
1.9075493332755116,4.2016228065806445,2.2940734733051467
0.0,0.6927072791439173,0.6927072791439296
0.0,1.0011079264746172,1.001107926474615
0.0,1.4540347316175541,1.454034731617552
0.0,3.7489684970391295,3.7489684970391175
2.7827176291036437,6.738751694992743,3.956034065889086
0.0,7.12037364297197,7.120373642971969
5.82163014024232,7.187236965932186,1.3656068256898617
5.811269056354661,7.439927424690865,1.6286583683361964
6.513746717060997,7.0179985532553815,0.5042518361943807
5.404244672880793,6.470493849576343,1.0662491766955566
4.6564158357113,5.397557354682789,0.7411415189714806
5.01901006201166,7.815634622682296,2.7966245606706246
1.8883428103055167,2.0663860808451204,0.1780432705395923
1.2166461377207156,1.9944934320970447,0.7778472943763277
3.2781497534403172,6.6326626751319395,3.3545129216916085
0.10055360263817192,3.1568343427193497,3.056280740081165
0.0,0.7165671541554559,0.7165671541554552
0.12871104329045124,4.679334404629429,4.550623361338969
0.40847272988429495,1.9364023237633319,1.5279295938790303
1.5567354187360536,1.8911628917713585,0.3344274730353086
0.7697281768626283,2.153787679588902,1.3840595027262648
0.10881993263643608,1.7614746203020104,1.6526546876655734
0.44649537688292185,1.2467995733773307,0.8003041964944004
0.4735970731396435,2.210151449612084,1.7365543764724323
0.25703728598446673,2.574560444540282,2.3175231585558245
0.0,5.40468879656936,5.404688796569348
0.0,5.617382053189004,5.6173820531889955
2.7370400674161885,4.853102438922065,2.116062371505869
0.0,0.44882863075051205,0.4488286307505016
0.19988082248025307,0.8397279789599281,0.63984715647968
0.0,0.10530585961728889,0.10530585961728481
3.5045168584149167,9.035359930122866,5.530843071707947
0.0,3.4701710392848213,3.470171039284818
1.6797856122912265,2.498054771203414,0.8182691589121891
0.5902664879350823,3.579762770433291,2.9894962824981954
0.0,7.8542340972404645,7.854234097240476
0.0,8.099794075930845,8.099794075930856
3.054774478963054,4.448165467662335,1.3933909886992686
3.88892204324128,4.25472016661945,0.36579812337816
1.6866421338005466,6.326082044516596,4.6394399107160496
2.9090031776700016,3.4620828683803495,0.5530796907103505
3.8134422573168933,10.880842381630828,7.067400124313921
3.062718332947213,4.844041903208904,1.7813235702616832
0.0,0.07209801644907543,0.07209801644906608
0.0,2.153560513231639,2.153560513231645
2.515180082473421,7.360702521030845,4.845522438557434
1.571967759893596,2.4861073169290364,0.9141395570354274
0.8252862291695635,3.012852022898386,2.187565793728808
2.1400757120395895,3.1719635746319454,1.0318878625923453
2.544608041639833,2.964654806341855,0.42004676470201213
2.627138011010203,3.2428840943120463,0.6157460833018477
0.9240072528665451,8.704344364808463,7.780337111941925
5.808313341083846,8.43968244309687,2.6313691020130183
5.371866254627776,7.213439805994199,1.8415735513664349
6.716521383897543,6.8387970201613655,0.12227563626381739
6.5677112638072686,6.73882964064461,0.17111837683735312
2.4995606768474943,12.443489388368135,9.943928711520636
6.220113432783222,8.385631133582734,2.1655177007995148
6.518115836471765,9.415933241593478,2.8978174051217005
6.244111677226385,9.392851671362678,3.1487399941362786
7.253060330649788,7.8859504853909925,0.6328901547412155
6.599123407670675,10.615318918443563,4.016195510772881
6.27982223837293,8.319904873735538,2.040082635362599
7.945534092116247,9.296774318360548,1.3512402262442897
7.75539674026362,9.261372693853929,1.505975953590316
7.967324192642536,9.053678863551312,1.0863546709087815
8.501364774187039,9.485042261169127,0.9836774869820749
8.270133688003256,10.942128011834711,2.671994323831442
9.194247854163535,9.562800641911082,0.3685527877475526
9.06922046527427,9.630548264041181,0.5613277987669102
8.444018516682434,9.266045184356187,0.8220266676737518
8.446562432050825,11.474702760391267,3.0281403283404487
9.25091601265845,9.55215086772614,0.3012348550676809
5.304918113824556,5.613167926923012,0.30824981309846755
0.6482417746521492,2.3560423674442177,1.7078005927920583
6.372155900175642,8.489555803258668,2.1173999030830295
1.6885739194662506,3.512653588254949,1.8240796687886889
2.139705345779703,4.69476537902284,2.5550600332431257
3.116597404642363,3.3080042986212277,0.1914068939788749
2.0318279181781804,2.0432997048887103,0.011471786710528422
1.0212722697427523,1.3641167806407282,0.34284451089796564
1.1987692928007334,1.7981175752776437,0.5993482824769061
3.1549410042619854,7.6836807072620275,4.528739703000056
